[{"model": "admin.logentry", "pk": 1, "fields": {"action_time": "2023-04-17T15:39:10.988Z", "user": 1, "content_type": 7, "object_id": "1", "object_repr": "Comedy", "action_flag": 1, "change_message": "[{\"added\": {}}]"}}, {"model": "admin.logentry", "pk": 2, "fields": {"action_time": "2023-04-17T15:39:16.804Z", "user": 1, "content_type": 7, "object_id": "2", "object_repr": "Action", "action_flag": 1, "change_message": "[{\"added\": {}}]"}}, {"model": "admin.logentry", "pk": 3, "fields": {"action_time": "2023-04-17T15:39:26.147Z", "user": 1, "content_type": 7, "object_id": "3", "object_repr": "Animation", "action_flag": 1, "change_message": "[{\"added\": {}}]"}}, {"model": "admin.logentry", "pk": 4, "fields": {"action_time": "2023-04-17T15:39:32.197Z", "user": 1, "content_type": 7, "object_id": "4", "object_repr": "Biography", "action_flag": 1, "change_message": "[{\"added\": {}}]"}}, {"model": "admin.logentry", "pk": 5, "fields": {"action_time": "2023-04-17T15:39:41.179Z", "user": 1, "content_type": 7, "object_id": "5", "object_repr": "Horror", "action_flag": 1, "change_message": "[{\"added\": {}}]"}}, {"model": "admin.logentry", "pk": 6, "fields": {"action_time": "2023-04-17T15:39:48.282Z", "user": 1, "content_type": 7, "object_id": "6", "object_repr": "Crime", "action_flag": 1, "change_message": "[{\"added\": {}}]"}}, {"model": "admin.logentry", "pk": 7, "fields": {"action_time": "2023-04-17T15:39:54.944Z", "user": 1, "content_type": 7, "object_id": "7", "object_repr": "Western", "action_flag": 1, "change_message": "[{\"added\": {}}]"}}, {"model": "admin.logentry", "pk": 8, "fields": {"action_time": "2023-04-17T15:40:01.778Z", "user": 1, "content_type": 7, "object_id": "8", "object_repr": "Sport", "action_flag": 1, "change_message": "[{\"added\": {}}]"}}, {"model": "admin.logentry", "pk": 9, "fields": {"action_time": "2023-04-17T15:40:11.671Z", "user": 1, "content_type": 7, "object_id": "9", "object_repr": "Thriller", "action_flag": 1, "change_message": "[{\"added\": {}}]"}}, {"model": "admin.logentry", "pk": 10, "fields": {"action_time": "2023-04-17T15:40:22.448Z", "user": 1, "content_type": 7, "object_id": "10", "object_repr": "Sci-Fi", "action_flag": 1, "change_message": "[{\"added\": {}}]"}}, {"model": "admin.logentry", "pk": 11, "fields": {"action_time": "2023-04-17T15:40:29.271Z", "user": 1, "content_type": 7, "object_id": "11", "object_repr": "History", "action_flag": 1, "change_message": "[{\"added\": {}}]"}}, {"model": "admin.logentry", "pk": 12, "fields": {"action_time": "2023-04-17T15:40:36.746Z", "user": 1, "content_type": 7, "object_id": "12", "object_repr": "Fantasy", "action_flag": 1, "change_message": "[{\"added\": {}}]"}}, {"model": "admin.logentry", "pk": 13, "fields": {"action_time": "2023-04-17T15:40:46.209Z", "user": 1, "content_type": 7, "object_id": "13", "object_repr": "Music", "action_flag": 1, "change_message": "[{\"added\": {}}]"}}, {"model": "admin.logentry", "pk": 14, "fields": {"action_time": "2023-04-17T15:40:59.485Z", "user": 1, "content_type": 7, "object_id": "14", "object_repr": "Drama", "action_flag": 1, "change_message": "[{\"added\": {}}]"}}, {"model": "admin.logentry", "pk": 15, "fields": {"action_time": "2023-04-17T15:41:32.490Z", "user": 1, "content_type": 7, "object_id": "15", "object_repr": "Adventure", "action_flag": 1, "change_message": "[{\"added\": {}}]"}}, {"model": "auth.permission", "pk": 1, "fields": {"name": "Can add log entry", "content_type": 1, "codename": "add_logentry"}}, {"model": "auth.permission", "pk": 2, "fields": {"name": "Can change log entry", "content_type": 1, "codename": "change_logentry"}}, {"model": "auth.permission", "pk": 3, "fields": {"name": "Can delete log entry", "content_type": 1, "codename": "delete_logentry"}}, {"model": "auth.permission", "pk": 4, "fields": {"name": "Can view log entry", "content_type": 1, "codename": "view_logentry"}}, {"model": "auth.permission", "pk": 5, "fields": {"name": "Can add permission", "content_type": 2, "codename": "add_permission"}}, {"model": "auth.permission", "pk": 6, "fields": {"name": "Can change permission", "content_type": 2, "codename": "change_permission"}}, {"model": "auth.permission", "pk": 7, "fields": {"name": "Can delete permission", "content_type": 2, "codename": "delete_permission"}}, {"model": "auth.permission", "pk": 8, "fields": {"name": "Can view permission", "content_type": 2, "codename": "view_permission"}}, {"model": "auth.permission", "pk": 9, "fields": {"name": "Can add group", "content_type": 3, "codename": "add_group"}}, {"model": "auth.permission", "pk": 10, "fields": {"name": "Can change group", "content_type": 3, "codename": "change_group"}}, {"model": "auth.permission", "pk": 11, "fields": {"name": "Can delete group", "content_type": 3, "codename": "delete_group"}}, {"model": "auth.permission", "pk": 12, "fields": {"name": "Can view group", "content_type": 3, "codename": "view_group"}}, {"model": "auth.permission", "pk": 13, "fields": {"name": "Can add content type", "content_type": 4, "codename": "add_contenttype"}}, {"model": "auth.permission", "pk": 14, "fields": {"name": "Can change content type", "content_type": 4, "codename": "change_contenttype"}}, {"model": "auth.permission", "pk": 15, "fields": {"name": "Can delete content type", "content_type": 4, "codename": "delete_contenttype"}}, {"model": "auth.permission", "pk": 16, "fields": {"name": "Can view content type", "content_type": 4, "codename": "view_contenttype"}}, {"model": "auth.permission", "pk": 17, "fields": {"name": "Can add session", "content_type": 5, "codename": "add_session"}}, {"model": "auth.permission", "pk": 18, "fields": {"name": "Can change session", "content_type": 5, "codename": "change_session"}}, {"model": "auth.permission", "pk": 19, "fields": {"name": "Can delete session", "content_type": 5, "codename": "delete_session"}}, {"model": "auth.permission", "pk": 20, "fields": {"name": "Can view session", "content_type": 5, "codename": "view_session"}}, {"model": "auth.permission", "pk": 21, "fields": {"name": "Can add actor", "content_type": 6, "codename": "add_actor"}}, {"model": "auth.permission", "pk": 22, "fields": {"name": "Can change actor", "content_type": 6, "codename": "change_actor"}}, {"model": "auth.permission", "pk": 23, "fields": {"name": "Can delete actor", "content_type": 6, "codename": "delete_actor"}}, {"model": "auth.permission", "pk": 24, "fields": {"name": "Can view actor", "content_type": 6, "codename": "view_actor"}}, {"model": "auth.permission", "pk": 25, "fields": {"name": "Can add genre", "content_type": 7, "codename": "add_genre"}}, {"model": "auth.permission", "pk": 26, "fields": {"name": "Can change genre", "content_type": 7, "codename": "change_genre"}}, {"model": "auth.permission", "pk": 27, "fields": {"name": "Can delete genre", "content_type": 7, "codename": "delete_genre"}}, {"model": "auth.permission", "pk": 28, "fields": {"name": "Can view genre", "content_type": 7, "codename": "view_genre"}}, {"model": "auth.permission", "pk": 29, "fields": {"name": "Can add movie", "content_type": 8, "codename": "add_movie"}}, {"model": "auth.permission", "pk": 30, "fields": {"name": "Can change movie", "content_type": 8, "codename": "change_movie"}}, {"model": "auth.permission", "pk": 31, "fields": {"name": "Can delete movie", "content_type": 8, "codename": "delete_movie"}}, {"model": "auth.permission", "pk": 32, "fields": {"name": "Can view movie", "content_type": 8, "codename": "view_movie"}}, {"model": "auth.permission", "pk": 33, "fields": {"name": "Can add user", "content_type": 9, "codename": "add_user"}}, {"model": "auth.permission", "pk": 34, "fields": {"name": "Can change user", "content_type": 9, "codename": "change_user"}}, {"model": "auth.permission", "pk": 35, "fields": {"name": "Can delete user", "content_type": 9, "codename": "delete_user"}}, {"model": "auth.permission", "pk": 36, "fields": {"name": "Can view user", "content_type": 9, "codename": "view_user"}}, {"model": "auth.permission", "pk": 37, "fields": {"name": "Can add rating", "content_type": 10, "codename": "add_rating"}}, {"model": "auth.permission", "pk": 38, "fields": {"name": "Can change rating", "content_type": 10, "codename": "change_rating"}}, {"model": "auth.permission", "pk": 39, "fields": {"name": "Can delete rating", "content_type": 10, "codename": "delete_rating"}}, {"model": "auth.permission", "pk": 40, "fields": {"name": "Can view rating", "content_type": 10, "codename": "view_rating"}}, {"model": "contenttypes.contenttype", "pk": 1, "fields": {"app_label": "admin", "model": "logentry"}}, {"model": "contenttypes.contenttype", "pk": 2, "fields": {"app_label": "auth", "model": "permission"}}, {"model": "contenttypes.contenttype", "pk": 3, "fields": {"app_label": "auth", "model": "group"}}, {"model": "contenttypes.contenttype", "pk": 4, "fields": {"app_label": "contenttypes", "model": "contenttype"}}, {"model": "contenttypes.contenttype", "pk": 5, "fields": {"app_label": "sessions", "model": "session"}}, {"model": "contenttypes.contenttype", "pk": 6, "fields": {"app_label": "catalog", "model": "actor"}}, {"model": "contenttypes.contenttype", "pk": 7, "fields": {"app_label": "catalog", "model": "genre"}}, {"model": "contenttypes.contenttype", "pk": 8, "fields": {"app_label": "catalog", "model": "movie"}}, {"model": "contenttypes.contenttype", "pk": 9, "fields": {"app_label": "catalog", "model": "user"}}, {"model": "contenttypes.contenttype", "pk": 10, "fields": {"app_label": "catalog", "model": "rating"}}, {"model": "sessions.session", "pk": "6546qlyijzcznugbmdywpg64z5h5nm8x", "fields": {"session_data": ".eJxVjDsOgzAQBe-ydWRhYwymTJ8zWN5db3A-RsKQJsrdk0g0tG9m3hvK9gyvXPNaYdT2BCFu6xS2mpaQGUbQcNgw0j2VP-BbLNdZ0VzWJaP6K2qnVV1mTo_z7h4OplinX22xYdFto5MwaYNeu4aMeEbvuUdCJsOt88hdZ9yQPA9iRUhsz25wDJ8v0a4-Zg:1preiu:2a4V5VqaaKWtkAKHoIcuIjLDV6dPtWI9cHkH9FVNj1s", "expire_date": "2023-05-10T12:58:16.473Z"}}, {"model": "sessions.session", "pk": "94hewhcw1idvpcr0pt9yg7t76cjdit57", "fields": {"session_data": ".eJxVjDsOgzAQBe-ydWRhAwZTpucMlnfXG5yPkTCkiXL3BImG9s3M-0DeXv6dSloLDPUFfNjWyW8lLj4xDKDhtGGgR8w74HvIt1nRnNclodoVddCixpnj83q4p4MplOlfN1ix6LrSUZi0QadtRUYco3PcISGT4do65LY1to-Oe2lESJqObW8Zvj-qmj40:1poRvu:2UUbswJkMumXIXqF88Do0OZGDv2FKL5iHTPwIDg_2LI", "expire_date": "2023-05-01T16:42:26.351Z"}}, {"model": "sessions.session", "pk": "ifi7ublyyk9w0ufqqo03z81cq1kubwg9", "fields": {"session_data": "eyJudW1fdmlzaXRzIjoxfQ:1prewE:8X717cPtt7-2pJz1Zd5jJELL5acRXVDDti2_Pei4Y4c", "expire_date": "2023-05-10T13:12:02.016Z"}}, {"model": "sessions.session", "pk": "wosnw5v1hgee4upi05i060dxjf3bpar8", "fields": {"session_data": "eyJudW1fdmlzaXRzIjoxfQ:1pp4x9:ksiHnYYq6I7fVeKaIEqOsdzEAWeUcNrePx3faZDzNvI", "expire_date": "2023-05-03T10:22:19.665Z"}}, {"model": "sessions.session", "pk": "ytp6zktc2f9kgyad04rvxv7d9ibbrjzn", "fields": {"session_data": ".eJxVjMsOgyAQRf-FdUMEEcVl934DYWaYSh-QiHbT9N9bExft9p5zz0v4sK2z32pcfCIxCiVOvxsEvMW8A7qGfCkSS16XBHJX5EGrnArF-_lw_wJzqPP3baAhVm2jIhMqDU7ZBjU7AueoBwRCTa11QF2n7RAdDWyYkU1PdrB7NG8P_0w1rVWM2rw_w4E-Zw:1psoev:78hSyaryWmJ6Qeqm_XTCABtFV-HMQwW-4a-UQkUVK9k", "expire_date": "2023-05-13T17:46:57.770Z"}}, {"model": "catalog.user", "pk": 1, "fields": {"password": "pbkdf2_sha256$600000$QpIakwM7pluir1soRWVWG7$zy9TyFNtTUzZB8wWLNdWRJkQ0hWdvB+hVGi/taXLVXE=", "last_login": "2023-04-28T14:52:44.074Z", "is_superuser": true, "username": "Admin", "first_name": "", "last_name": "", "email": "irex1988@gmail.com", "is_staff": true, "is_active": true, "date_joined": "2023-04-17T14:45:01.381Z", "groups": [], "user_permissions": []}}, {"model": "catalog.user", "pk": 2, "fields": {"password": "pbkdf2_sha256$600000$3XXrI2ksgupC0B1VDvxFyO$NhSxM10wXE2B1j21dUsITr9tLUBzLSFFjsq365OoVXs=", "last_login": null, "is_superuser": false, "username": "irex1988", "first_name": "", "last_name": "", "email": "", "is_staff": false, "is_active": true, "date_joined": "2023-04-17T15:10:54.047Z", "groups": [], "user_permissions": []}}, {"model": "catalog.user", "pk": 3, "fields": {"password": "pbkdf2_sha256$600000$OQeZsIUL39IZf1mVIJcvKO$gn2AzA/712FXw3V/iABr+zbGUjOoYcQnjqUKfdkI6p8=", "last_login": "2023-04-17T15:13:15.497Z", "is_superuser": false, "username": "rakamaka", "first_name": "", "last_name": "", "email": "", "is_staff": false, "is_active": true, "date_joined": "2023-04-17T15:11:41.025Z", "groups": [], "user_permissions": []}}, {"model": "catalog.user", "pk": 4, "fields": {"password": "pbkdf2_sha256$600000$IbkUKE1WdiKA2LxyPkQqVy$5iQpTFrAg3hpxVJTjwnWKTepqm4fVUJEAx81zlwsvqg=", "last_login": null, "is_superuser": false, "username": "Sasha", "first_name": "afnakjg", "last_name": "gfwgwg", "email": "", "is_staff": false, "is_active": true, "date_joined": "2023-04-17T15:14:32.679Z", "groups": [], "user_permissions": []}}, {"model": "catalog.user", "pk": 5, "fields": {"password": "pbkdf2_sha256$600000$bwHu2g4LYARqPIyuQa0Ifu$IofgSg4aZpD+KGMjijBejj++7U7wFkGyuMCrcNEq0JY=", "last_login": "2023-04-17T15:19:20.091Z", "is_superuser": false, "username": "Vasya", "first_name": "", "last_name": "", "email": "", "is_staff": false, "is_active": true, "date_joined": "2023-04-17T15:19:09.625Z", "groups": [], "user_permissions": []}}, {"model": "catalog.user", "pk": 6, "fields": {"password": "pbkdf2_sha256$600000$ZEeEBUKI0bAAVFOtdvYlLJ$d81GWi3w2xsm817OBfZcwIdFdVTMfrwTRTIxFo44ZgM=", "last_login": "2023-04-17T16:36:35.480Z", "is_superuser": false, "username": "Sas", "first_name": "Oleksandr", "last_name": "", "email": "asadggzh@asfdgb.com", "is_staff": false, "is_active": true, "date_joined": "2023-04-17T16:36:24.627Z", "groups": [], "user_permissions": []}}, {"model": "catalog.user", "pk": 7, "fields": {"password": "pbkdf2_sha256$600000$NgkYyJujU0MwKYgXvexbbu$01D7UKX9aQgDuhD1tnvewH6PWFWetAxDfD5cGXT68TQ=", "last_login": "2023-04-28T13:40:09.158Z", "is_superuser": false, "username": "user123", "first_name": "Sasha", "last_name": "Mamchur", "email": "sasha@gmail.com", "is_staff": false, "is_active": true, "date_joined": "2023-04-28T10:41:27.184Z", "groups": [], "user_permissions": []}}, {"model": "catalog.user", "pk": 8, "fields": {"password": "pbkdf2_sha256$600000$maxkv2ZhR3ABTgFOdCMXU5$IOkmlzDzV933FOqYGLJEUuKzg7h23FSD5c3ZGNkkY9I=", "last_login": null, "is_superuser": false, "username": "zxcvb", "first_name": "fwef", "last_name": "ffe", "email": "sasha@gmail.com", "is_staff": false, "is_active": true, "date_joined": "2023-04-28T11:21:02.452Z", "groups": [], "user_permissions": []}}, {"model": "catalog.genre", "pk": 1, "fields": {"name": "Comedy"}}, {"model": "catalog.genre", "pk": 2, "fields": {"name": "Action"}}, {"model": "catalog.genre", "pk": 3, "fields": {"name": "Animation"}}, {"model": "catalog.genre", "pk": 4, "fields": {"name": "Biography"}}, {"model": "catalog.genre", "pk": 5, "fields": {"name": "Horror"}}, {"model": "catalog.genre", "pk": 6, "fields": {"name": "Crime"}}, {"model": "catalog.genre", "pk": 7, "fields": {"name": "Western"}}, {"model": "catalog.genre", "pk": 8, "fields": {"name": "Sport"}}, {"model": "catalog.genre", "pk": 9, "fields": {"name": "Thriller"}}, {"model": "catalog.genre", "pk": 10, "fields": {"name": "Sci-Fi"}}, {"model": "catalog.genre", "pk": 11, "fields": {"name": "History"}}, {"model": "catalog.genre", "pk": 12, "fields": {"name": "Fantasy"}}, {"model": "catalog.genre", "pk": 13, "fields": {"name": "Music"}}, {"model": "catalog.genre", "pk": 14, "fields": {"name": "Drama"}}, {"model": "catalog.genre", "pk": 15, "fields": {"name": "Adventure"}}, {"model": "catalog.actor", "pk": 1, "fields": {"first_name": "Morgan", "last_name": "Freeman"}}, {"model": "catalog.actor", "pk": 2, "fields": {"first_name": "Christian", "last_name": "Bale"}}, {"model": "catalog.actor", "pk": 3, "fields": {"first_name": "Scarlett", "last_name": "Johanss"}}, {"model": "catalog.actor", "pk": 4, "fields": {"first_name": "Al", "last_name": "Pacino"}}, {"model": "catalog.actor", "pk": 5, "fields": {"first_name": "Keanu", "last_name": "Reeves"}}, {"model": "catalog.actor", "pk": 6, "fields": {"first_name": "Brad", "last_name": "Pitt"}}, {"model": "catalog.actor", "pk": 7, "fields": {"first_name": "Tom", "last_name": "Hanks"}}, {"model": "catalog.actor", "pk": 8, "fields": {"first_name": "Will", "last_name": "Smith"}}, {"model": "catalog.actor", "pk": 9, "fields": {"first_name": "Leonardo", "last_name": "DiCaprio"}}, {"model": "catalog.actor", "pk": 10, "fields": {"first_name": "Tim", "last_name": "Robbins"}}, {"model": "catalog.actor", "pk": 11, "fields": {"first_name": "Marlon", "last_name": "Brando"}}, {"model": "catalog.actor", "pk": 12, "fields": {"first_name": "Edward", "last_name": "Norton"}}, {"model": "catalog.actor", "pk": 13, "fields": {"first_name": "Helena", "last_name": "Bonem Carter"}}, {"model": "catalog.actor", "pk": 14, "fields": {"first_name": "Tom", "last_name": "Hardy"}}, {"model": "catalog.actor", "pk": 15, "fields": {"first_name": "Russel", "last_name": "Crowe"}}, {"model": "catalog.actor", "pk": 16, "fields": {"first_name": "Joaquin", "last_name": "Fenix"}}, {"model": "catalog.actor", "pk": 17, "fields": {"first_name": "Robert", "last_name": "De Niro"}}, {"model": "catalog.actor", "pk": 18, "fields": {"first_name": "Hugh", "last_name": "Jackman"}}, {"model": "catalog.actor", "pk": 19, "fields": {"first_name": "Michelle", "last_name": "Pfeiffer"}}, {"model": "catalog.actor", "pk": 20, "fields": {"first_name": "Matt", "last_name": "Demon"}}, {"model": "catalog.actor", "pk": 21, "fields": {"first_name": "Uma", "last_name": "Thurman"}}, {"model": "catalog.actor", "pk": 22, "fields": {"first_name": "Bruce", "last_name": "Willis"}}, {"model": "catalog.actor", "pk": 23, "fields": {"first_name": "Samuel L.", "last_name": "Jackson"}}, {"model": "catalog.actor", "pk": 24, "fields": {"first_name": "John", "last_name": "Travolta"}}, {"model": "catalog.movie", "pk": 1, "fields": {"title": "The Matrix", "year": 1999, "description": "", "genres": [2, 10], "actors": [5]}}, {"model": "catalog.movie", "pk": 2, "fields": {"title": "Seven", "year": 1995, "description": "", "genres": [6, 14, 9], "actors": [1, 6]}}, {"model": "catalog.movie", "pk": 3, "fields": {"title": "Shawshank Redemption", "year": 1994, "description": "", "genres": [6, 14], "actors": [1, 10]}}, {"model": "catalog.movie", "pk": 4, "fields": {"title": "The Godfaher", "year": 1972, "description": "", "genres": [6, 14], "actors": [11, 4]}}, {"model": "catalog.movie", "pk": 5, "fields": {"title": "The Dark Khight", "year": 2008, "description": "", "genres": [2, 6, 14, 9], "actors": [2, 1]}}, {"model": "catalog.movie", "pk": 6, "fields": {"title": "Forrest Gump", "year": 1994, "description": "", "genres": [14, 11], "actors": [7]}}, {"model": "catalog.movie", "pk": 7, "fields": {"title": "Fight Club", "year": 1999, "description": "", "genres": [14], "actors": [13, 12, 6]}}, {"model": "catalog.movie", "pk": 8, "fields": {"title": "Inception", "year": 2010, "description": "", "genres": [2, 15, 10, 9], "actors": [9, 14]}}, {"model": "catalog.movie", "pk": 9, "fields": {"title": "Gladiator", "year": 1999, "description": "", "genres": [2, 15, 14], "actors": [15, 16]}}, {"model": "catalog.movie", "pk": 10, "fields": {"title": "Joker", "year": 2019, "description": "", "genres": [3, 13, 7], "actors": [17, 16]}}, {"model": "catalog.movie", "pk": 11, "fields": {"title": "The Prestige", "year": 2006, "description": "", "genres": [14, 12, 9], "actors": [2, 18, 3]}}, {"model": "catalog.movie", "pk": 12, "fields": {"title": "WALL-E", "year": 2008, "description": "", "genres": [15, 3, 10], "actors": []}}, {"model": "catalog.movie", "pk": 13, "fields": {"title": "Toy Story", "year": 1930, "description": "", "genres": [15, 3, 1], "actors": [7]}}, {"model": "catalog.movie", "pk": 14, "fields": {"title": "Scarface", "year": 1983, "description": "", "genres": [6, 14], "actors": [4, 19, 8]}}, {"model": "catalog.movie", "pk": 15, "fields": {"title": "Up", "year": 2009, "description": "", "genres": [15, 3, 1], "actors": []}}, {"model": "catalog.movie", "pk": 16, "fields": {"title": "Pupl Fiction", "year": 1994, "description": "", "genres": [1, 6, 14], "actors": [23, 8, 21, 24, 22]}}, {"model": "catalog.rating", "pk": 12, "fields": {"movie": 13, "user": 1, "rating": 9}}, {"model": "catalog.rating", "pk": 13, "fields": {"movie": 1, "user": 1, "rating": 10}}, {"model": "catalog.rating", "pk": 14, "fields": {"movie": 9, "user": 1, "rating": 7}}, {"model": "catalog.rating", "pk": 15, "fields": {"movie": 7, "user": 1, "rating": 9}}, {"model": "catalog.rating", "pk": 21, "fields": {"movie": 1, "user": 2, "rating": 7}}, {"model": "catalog.rating", "pk": 22, "fields": {"movie": 1, "user": 3, "rating": 9}}, {"model": "catalog.rating", "pk": 23, "fields": {"movie": 5, "user": 2, "rating": 5}}, {"model": "catalog.rating", "pk": 24, "fields": {"movie": 5, "user": 1, "rating": 9}}, {"model": "catalog.rating", "pk": 25, "fields": {"movie": 8, "user": 3, "rating": 3}}, {"model": "catalog.rating", "pk": 26, "fields": {"movie": 8, "user": 1, "rating": 10}}, {"model": "catalog.rating", "pk": 27, "fields": {"movie": 4, "user": 1, "rating": 10}}, {"model": "catalog.rating", "pk": 28, "fields": {"movie": 14, "user": 1, "rating": 7}}, {"model": "catalog.rating", "pk": 29, "fields": {"movie": 3, "user": 1, "rating": 10}}, {"model": "catalog.rating", "pk": 30, "fields": {"movie": 6, "user": 1, "rating": 10}}, {"model": "catalog.rating", "pk": 31, "fields": {"movie": 2, "user": 1, "rating": 10}}, {"model": "catalog.rating", "pk": 32, "fields": {"movie": 11, "user": 1, "rating": 8}}, {"model": "catalog.rating", "pk": 33, "fields": {"movie": 12, "user": 1, "rating": 10}}, {"model": "catalog.rating", "pk": 34, "fields": {"movie": 15, "user": 1, "rating": 10}}, {"model": "catalog.rating", "pk": 35, "fields": {"movie": 10, "user": 1, "rating": 9}}, {"model": "catalog.rating", "pk": 36, "fields": {"movie": 16, "user": 1, "rating": 10}}, {"model": "catalog.rating", "pk": 37, "fields": {"movie": 1, "user": 7, "rating": 7}}]